Type,Name,Request Count,Failure Count,Median Response Time,Average Response Time,Min Response Time,Max Response Time,Average Content Size,Requests/s,Failures/s,50%,66%,75%,80%,90%,95%,98%,99%,99.9%,99.99%,100%
GET,/api/permissions/,13,13,7,6.675892307717172,5.21630000002915,8.86609999997745,30.0,0.4968761592720316,0.4968761592720316,7,7,7,7,9,9,9,9,9,9,9
POST,/api/permissions/,19,19,48,50.60041578946383,45.64479999999094,89.5594999997229,30.0,0.7262036173975847,0.7262036173975847,48,49,50,51,55,90,90,90,90,90,90
GET,/api/users/,9,9,7,8.030833333375792,4.216599999836035,16.44029999988561,30.0,0.34399118718832955,0.34399118718832955,7,7,8,12,16,16,16,16,16,16,16
POST,/api/users/,78,78,49,46.69133461540043,14.644299999872601,82.88549999997485,30.0,2.9812569556321895,2.9812569556321895,49,50,50,51,52,53,59,83,83,83,83
,Aggregated,119,119,48,40.020135294132366,4.216599999836035,89.5594999997229,30.0,4.548327919490135,4.548327919490135,48,49,50,50,52,53,59,83,90,90,90
